unique_id,ds,y
Austria,2025-01-01,134.1787096774194
Austria,2025-02-01,140.7710714285714
Austria,2025-03-01,103.6041935483871
Austria,2025-04-01,81.32366666666668
Austria,2025-05-01,71.01677419354837
Austria,2025-06-01,66.67266666666667
Austria,2025-07-01,87.98
Austria,2025-08-01,74.74419354838707
Austria,2025-09-01,92.58766666666669
Austria,2025-10-01,108.22645161290323
Austria,2025-11-01,116.56400000000001
Austria,2025-12-01,120.9281818181818
